Protocol Name,Chain,Category,Contract Address
aave-v1,Ethereum,Withdrawal,0x3dfd23A6c5E8BbcFc9581d2E864a68feb6a076d3
aave-v1,Ethereum,Withdrawal,0x1012cfF81A1582ddD0616517eFB97D02c5c17E25
aave-v4,Ethereum,Withdrawal,0xCca852Bc40e560adC3b1Cc58CA5b55638ce826c9
aave-v4,Ethereum,Withdrawal,0x06002e9c4412CB7814a791eA3666D905871E536A
aave,Ethereum,Withdrawal,0x41a08648c3766f9f9d85598ff102a08f4ef84f84
aave,Ethereum,Withdrawal,0x7937D4799803FbBe595ed57278Bc4cA21f3bFfCB
aave,Ethereum,Withdrawal,0xa1116930326d21fb917d5a27f1e9943a9595fb47
aave,Ethereum,Withdrawal,0x4da27a545c0c5b758a6ba100e3a049001de870f5
agilitylsd,Ethereum,Withdrawal,0xe4a51ec59233ba1f62b71f84554622a532b584ed
apechainstake,Ethereum,Withdrawal,0x4Ba2396086d52cA68a37D9C0FA364286e9c7835a
aperocke,Ethereum,Withdrawal,0x101bCD396DDFb934072a171Bc4F625B85D505C78
aperocke,Ethereum,Withdrawal,0x34d1f4FA762c85f363cb5907Ca0BAcF53aBac866